{
  "logloss": 9.134222195329436,
  "total_pnl": -0.10129264939003568,
  "sharpe": -1.4139330479277397,
  "max_drawdown": -0.11386138613850155,
  "win_rate": 0.3305785123966942,
  "final_equity": 0.8987073506099643
}