{
  "logloss": 9.022374588856023,
  "total_pnl": -0.04268214496595757,
  "sharpe": -1.4051814010416985,
  "max_drawdown": -0.05445544554450058,
  "win_rate": 0.32653061224489793,
  "final_equity": 0.9573178550340424
}