{
  "logloss": 9.13781834540634,
  "total_pnl": -0.10601176168808857,
  "sharpe": -1.4142135623730996,
  "max_drawdown": -0.11881188118800148,
  "win_rate": 0.33070866141732286,
  "final_equity": 0.8939882383119114
}