{
  "logloss": 9.21034070529051,
  "total_pnl": -0.08698532061814956,
  "sharpe": -1.4413863355742704,
  "max_drawdown": -0.09900990099000127,
  "win_rate": 0.3434343434343434,
  "final_equity": 0.9130146793818504
}